filename,bucket,cumulative_confidence
IMG_1291_nut_65_1770185167866_1555.webp,good,70
IMG_1291_nut_68_1770185167180_1553.webp,good,100
IMG_1291_nut_72_1770185166468_1551.webp,good,100
IMG_1291_nut_87_1770185116536_1418.webp,good,70
IMG_1291_nut_88_1770185131872_1457.webp,good,60
IMG_1292_nut_100_1770185325415_1998.webp,good,100
IMG_1292_nut_102_1770185286361_1890.webp,good,100
IMG_1292_nut_103_1770185345530_2053.webp,good,100
IMG_1292_nut_104_1770185306545_1947.webp,good,100
IMG_1292_nut_105_1770185345193_2052.webp,good,100
IMG_1292_nut_106_1770185344855_2051.webp,good,100
IMG_1292_nut_107_1770185344424_2050.webp,good,100
IMG_1292_nut_110_1770185286043_1889.webp,good,100
IMG_1292_nut_111_1770185305824_1945.webp,good,100
IMG_1292_nut_112_1770185305391_1944.webp,good,100
IMG_1292_nut_113_1770185305067_1943.webp,good,100
IMG_1292_nut_116_1770185285737_1888.webp,good,70
IMG_1292_nut_119_1770185324381_1995.webp,good,70
IMG_1292_nut_120_1770185285437_1887.webp,good,100
IMG_1292_nut_122_1770185323672_1993.webp,good,100
IMG_1292_nut_123_1770185343445_2047.webp,good,100
IMG_1292_nut_124_1770185303921_1940.webp,good,60
IMG_1292_nut_125_1770185303585_1939.webp,good,100
IMG_1292_nut_126_1770185323195_1992.webp,good,100
IMG_1292_nut_127_1770185303228_1938.webp,good,100
IMG_1292_nut_128_1770185322864_1991.webp,good,60
IMG_1292_nut_129_1770185302870_1937.webp,good,80
IMG_1292_nut_12_1770185357461_2086.webp,good,70
IMG_1292_nut_133_1770185284807_1885.webp,good,100
IMG_1292_nut_134_1770185343122_2046.webp,good,100
IMG_1292_nut_135_1770185342793_2045.webp,good,100
IMG_1292_nut_136_1770185342467_2044.webp,good,80
IMG_1292_nut_142_1770185341670_2042.webp,good,100
IMG_1292_nut_145_1770185302178_1935.webp,good,70
IMG_1292_nut_148_1770185283325_1881.webp,good,70
IMG_1292_nut_151_1770185300994_1932.webp,good,60
IMG_1292_nut_154_1770185341010_2040.webp,good,100
IMG_1292_nut_156_1770185300677_1931.webp,good,100
IMG_1292_nut_157_1770185300319_1930.webp,good,55
IMG_1292_nut_164_1770185319931_1982.webp,good,100
IMG_1292_nut_165_1770185298956_1926.webp,good,100
IMG_1292_nut_166_1770185319612_1981.webp,good,100
IMG_1292_nut_168_1770185298633_1925.webp,good,100
IMG_1292_nut_169_1770185339627_2036.webp,good,100
IMG_1292_nut_170_1770185339323_2035.webp,good,60
IMG_1292_nut_171_1770185298311_1924.webp,good,60
IMG_1292_nut_172_1770185282595_1879.webp,good,60
IMG_1292_nut_176_1770185297628_1922.webp,good,80
IMG_1292_nut_179_1770185282281_1878.webp,good,70
IMG_1292_nut_17_1770185357150_2085.webp,good,80
IMG_1292_nut_181_1770185278044_1866.webp,good,70
IMG_1292_nut_191_1770185318565_1978.webp,good,80
IMG_1292_nut_204_1770185336601_2027.webp,good,70
IMG_1292_nut_216_1770185294126_1912.webp,good,65
IMG_1292_nut_217_1770185335552_2025.webp,good,100
IMG_1292_nut_222_1770185293813_1911.webp,good,100
IMG_1292_nut_229_1770185313499_1964.webp,good,70
IMG_1292_nut_28_1770185351654_2070.webp,good,70
IMG_1292_nut_36_1770185332607_2018.webp,good,65
IMG_1292_nut_42_1770185312057_1960.webp,good,65
IMG_1292_nut_46_1770185291026_1903.webp,good,100
IMG_1292_nut_53_1770185290701_1902.webp,good,100
IMG_1292_nut_56_1770185330673_2013.webp,good,100
IMG_1292_nut_67_1770185348898_2062.webp,good,100
IMG_1292_nut_68_1770185288921_1897.webp,good,100
IMG_1292_nut_72_1770185288265_1895.webp,good,100
IMG_1292_nut_74_1770185348553_2061.webp,good,100
IMG_1292_nut_86_1770185347389_2058.webp,good,100
IMG_1292_nut_90_1770185307219_1949.webp,good,55
IMG_1292_nut_95_1770185325735_1999.webp,good,70
IMG_1292_nut_99_1770185286700_1891.webp,good,60
IMG_1293_nut_104_1770185445329_2334.webp,good,60
IMG_1293_nut_10_1770185496881_2457.webp,good,55
IMG_1293_nut_110_1770185444989_2333.webp,good,100
IMG_1293_nut_114_1770185487328_2436.webp,good,55
IMG_1293_nut_115_1770185486842_2435.webp,good,65
IMG_1293_nut_121_1770185485499_2432.webp,good,55
IMG_1293_nut_131_1770185460570_2377.webp,good,65
IMG_1293_nut_138_1770185480595_2423.webp,good,75
IMG_1293_nut_160_1770185423144_2270.webp,good,80
IMG_1293_nut_178_1770185478200_2417.webp,good,85
IMG_1293_nut_182_1770185438297_2313.webp,good,90
IMG_1293_nut_184_1770185421098_2264.webp,good,80
IMG_1293_nut_186_1770185420779_2263.webp,good,60
IMG_1293_nut_189_1770185416650_2251.webp,good,55
IMG_1293_nut_193_1770185454962_2361.webp,good,60
IMG_1293_nut_196_1770185419806_2260.webp,good,70
IMG_1293_nut_200_1770185436878_2309.webp,good,70
IMG_1293_nut_24_1770185473139_2405.webp,good,80
IMG_1293_nut_31_1770185495200_2453.webp,good,90
IMG_1293_nut_33_1770185451410_2351.webp,good,55
IMG_1293_nut_37_1770185433405_2299.webp,good,75
IMG_1293_nut_50_1770185449557_2346.webp,good,60
IMG_1293_nut_60_1770185448154_2342.webp,good,80
IMG_1293_nut_69_1770185492284_2446.webp,good,80
IMG_1293_nut_70_1770185430481_2291.webp,good,70
IMG_1293_nut_75_1770185466977_2391.webp,good,100
IMG_1293_nut_98_1770185488506_2439.webp,good,100
IMG_1294_nut_04_1770185884154_3344.webp,good,70
IMG_1294_nut_100_1770185829793_3255.webp,good,90
IMG_1294_nut_110_1770185873337_3320.webp,good,75
IMG_1294_nut_11_1770185870276_3315.webp,good,55
IMG_1294_nut_135_1770185783866_3171.webp,good,80
IMG_1294_nut_148_1770185777294_3153.webp,good,85
IMG_1294_nut_160_1770185776944_3152.webp,good,55
IMG_1294_nut_161_1770185824063_3245.webp,good,60
IMG_1294_nut_169_1770185789173_3186.webp,good,70
IMG_1294_nut_172_1770185822128_3242.webp,good,100
IMG_1294_nut_173_1770185782214_3166.webp,good,55
IMG_1294_nut_213_1770185796834_3203.webp,good,55
IMG_1294_nut_21_1770185869569_3313.webp,good,70
IMG_1294_nut_59_1770185838255_3270.webp,good,100
IMG_1294_nut_62_1770185854084_3299.webp,good,80
IMG_1294_nut_65_1770185837789_3269.webp,good,55
IMG_1294_nut_66_1770185890473_3359.webp,good,100
IMG_1294_nut_70_1770185890097_3358.webp,good,60
IMG_1294_nut_77_1770185836142_3266.webp,good,55
IMG_1294_nut_92_1770185835031_3264.webp,good,70
IMG_1295_nut_09_1770184732697_396.webp,good,100
IMG_1295_nut_100_1770184701817_313.webp,good,100
IMG_1295_nut_101_1770184772301_479.webp,good,100
IMG_1295_nut_104_1770184748025_434.webp,good,65
IMG_1295_nut_110_1770184720739_366.webp,good,55
IMG_1295_nut_116_1770184746745_431.webp,good,60
IMG_1295_nut_126_1770184719711_363.webp,good,100
IMG_1295_nut_137_1770184767605_468.webp,good,100
IMG_1295_nut_142_1770184744388_425.webp,good,100
IMG_1295_nut_148_1770184744045_424.webp,good,65
IMG_1295_nut_14_1770184731649_393.webp,good,55
IMG_1295_nut_154_1770184716001_353.webp,good,100
IMG_1295_nut_155_1770184743393_422.webp,good,100
IMG_1295_nut_156_1770184715620_352.webp,good,100
IMG_1295_nut_157_1770184715245_351.webp,good,60
IMG_1295_nut_159_1770184742706_420.webp,good,60
IMG_1295_nut_160_1770184697041_300.webp,good,80
IMG_1295_nut_163_1770184696741_299.webp,good,80
IMG_1295_nut_168_1770184714531_349.webp,good,100
IMG_1295_nut_170_1770184740607_415.webp,good,100
IMG_1295_nut_178_1770184763857_461.webp,good,55
IMG_1295_nut_180_1770184763323_460.webp,good,100
IMG_1295_nut_187_1770184695499_295.webp,good,100
IMG_1295_nut_189_1770184761602_457.webp,good,75
IMG_1295_nut_194_1770184713372_346.webp,good,100
IMG_1295_nut_198_1770184738196_410.webp,good,100
IMG_1295_nut_199_1770184712637_344.webp,good,100
IMG_1295_nut_200_1770184759813_454.webp,good,70
IMG_1295_nut_206_1770184736668_407.webp,good,100
IMG_1295_nut_207_1770184711984_342.webp,good,70
IMG_1295_nut_211_1770184758267_452.webp,good,90
IMG_1295_nut_212_1770184693406_289.webp,good,100
IMG_1295_nut_214_1770184757492_451.webp,good,100
IMG_1295_nut_215_1770184711031_339.webp,good,100
IMG_1295_nut_217_1770184756940_450.webp,good,70
IMG_1295_nut_21_1770184781537_505.webp,good,55
IMG_1295_nut_220_1770184735517_404.webp,good,55
IMG_1295_nut_224_1770184710282_337.webp,good,60
IMG_1295_nut_229_1770184690986_282.webp,good,80
IMG_1295_nut_33_1770184780151_501.webp,good,100
IMG_1295_nut_36_1770184779796_500.webp,good,80
IMG_1295_nut_37_1770184751691_442.webp,good,80
IMG_1295_nut_43_1770184707129_328.webp,good,60
IMG_1295_nut_50_1770184727509_383.webp,good,100
IMG_1295_nut_52_1770184778151_495.webp,good,70
IMG_1295_nut_68_1770184725820_379.webp,good,100
IMG_1295_nut_70_1770184776300_490.webp,good,100
IMG_1295_nut_71_1770184775929_489.webp,good,100
IMG_1295_nut_83_1770184723512_373.webp,good,80
IMG_1295_nut_84_1770184723103_372.webp,good,100
IMG_1295_nut_87_1770184703889_319.webp,good,90
IMG_1295_nut_98_1770184721422_368.webp,good,80
IMG_1296_nut_02_1770185192990_1624.webp,good,100
IMG_1296_nut_05_1770185230624_1730.webp,good,60
IMG_1296_nut_09_1770185246382_1775.webp,good,100
IMG_1296_nut_102_1770185202592_1651.webp,good,90
IMG_1296_nut_104_1770185201894_1649.webp,good,100
IMG_1296_nut_105_1770185237717_1750.webp,good,80
IMG_1296_nut_106_1770185185216_1602.webp,good,80
IMG_1296_nut_108_1770185219639_1698.webp,good,100
IMG_1296_nut_115_1770185218002_1693.webp,good,100
IMG_1296_nut_116_1770185201488_1648.webp,good,100
IMG_1296_nut_117_1770185201058_1647.webp,good,80
IMG_1296_nut_118_1770185200728_1646.webp,good,100
IMG_1296_nut_119_1770185200378_1645.webp,good,70
IMG_1296_nut_11_1770185208724_1668.webp,good,90
IMG_1296_nut_122_1770185200019_1644.webp,good,100
IMG_1296_nut_123_1770185236958_1748.webp,good,90
IMG_1296_nut_127_1770185175652_1576.webp,good,100
IMG_1296_nut_12_1770185208357_1667.webp,good,80
IMG_1296_nut_130_1770185236236_1746.webp,good,80
IMG_1296_nut_134_1770185182568_1595.webp,good,55
IMG_1296_nut_135_1770185235895_1745.webp,good,80
IMG_1296_nut_138_1770185215861_1688.webp,good,80
IMG_1296_nut_140_1770185235243_1743.webp,good,70
IMG_1296_nut_142_1770185199217_1642.webp,good,100
IMG_1296_nut_143_1770185182197_1594.webp,good,100
IMG_1296_nut_149_1770185233740_1739.webp,good,100
IMG_1296_nut_150_1770185233411_1738.webp,good,55
IMG_1296_nut_152_1770185197792_1638.webp,good,90
IMG_1296_nut_153_1770185197381_1637.webp,good,80
IMG_1296_nut_154_1770185214510_1685.webp,good,60
IMG_1296_nut_156_1770185197049_1636.webp,good,80
IMG_1296_nut_160_1770185213483_1682.webp,good,100
IMG_1296_nut_163_1770185213174_1681.webp,good,80
IMG_1296_nut_164_1770185181353_1592.webp,good,60
IMG_1296_nut_165_1770185232719_1736.webp,good,80
IMG_1296_nut_167_1770185180651_1590.webp,good,80
IMG_1296_nut_173_1770185195290_1631.webp,good,80
IMG_1296_nut_176_1770185232009_1734.webp,good,100
IMG_1296_nut_178_1770185212186_1678.webp,good,80
IMG_1296_nut_179_1770185179317_1586.webp,good,80
IMG_1296_nut_180_1770185194968_1630.webp,good,100
IMG_1296_nut_182_1770185178571_1584.webp,good,90
IMG_1296_nut_183_1770185211849_1677.webp,good,80
IMG_1296_nut_188_1770185194659_1629.webp,good,100
IMG_1296_nut_18_1770185192305_1622.webp,good,100
IMG_1296_nut_190_1770185194307_1628.webp,good,100
IMG_1296_nut_191_1770185193975_1627.webp,good,100
IMG_1296_nut_192_1770185210461_1673.webp,good,100
IMG_1296_nut_194_1770185193648_1626.webp,good,80
IMG_1296_nut_196_1770185177534_1581.webp,good,70
IMG_1296_nut_21_1770185191546_1620.webp,good,100
IMG_1296_nut_23_1770185176035_1577.webp,good,100
IMG_1296_nut_24_1770185208005_1666.webp,good,60
IMG_1296_nut_28_1770185191204_1619.webp,good,100
IMG_1296_nut_30_1770185227316_1721.webp,good,100
IMG_1296_nut_34_1770185207658_1665.webp,good,60
IMG_1296_nut_38_1770185189821_1615.webp,good,80
IMG_1296_nut_42_1770185225635_1716.webp,good,60
IMG_1296_nut_43_1770185225289_1715.webp,good,100
IMG_1296_nut_47_1770185244212_1769.webp,good,100
IMG_1296_nut_48_1770185206906_1663.webp,good,100
IMG_1296_nut_49_1770185188785_1612.webp,good,70
IMG_1296_nut_51_1770185206561_1662.webp,good,80
IMG_1296_nut_52_1770185243506_1767.webp,good,55
IMG_1296_nut_53_1770185224621_1713.webp,good,55
IMG_1296_nut_58_1770185242387_1764.webp,good,100
IMG_1296_nut_59_1770185188444_1611.webp,good,60
IMG_1296_nut_62_1770185242034_1763.webp,good,100
IMG_1296_nut_63_1770185223248_1709.webp,good,100
IMG_1296_nut_64_1770185205714_1660.webp,good,100
IMG_1296_nut_68_1770185240681_1759.webp,good,100
IMG_1296_nut_70_1770185222915_1708.webp,good,90
IMG_1296_nut_71_1770185222599_1707.webp,good,90
IMG_1296_nut_75_1770185205357_1659.webp,good,80
IMG_1296_nut_77_1770185222274_1706.webp,good,100
IMG_1296_nut_78_1770185204668_1657.webp,good,100
IMG_1296_nut_80_1770185204002_1655.webp,good,75
IMG_1296_nut_82_1770185187769_1609.webp,good,100
IMG_1296_nut_88_1770185186602_1606.webp,good,90
IMG_1296_nut_89_1770185221944_1705.webp,good,80
IMG_1296_nut_93_1770185186276_1605.webp,good,100
IMG_1296_nut_98_1770185202919_1652.webp,good,100
IMG_1296_nut_99_1770185220622_1701.webp,good,100
IMG_1297_nut_00_1770186094156_3801.webp,good,100
IMG_1297_nut_01_1770186051784_3710.webp,good,100
IMG_1297_nut_04_1770186068073_3757.webp,good,80
IMG_1297_nut_05_1770186051468_3709.webp,good,90
IMG_1297_nut_07_1770186031972_3657.webp,good,100
IMG_1297_nut_105_1770186041947_3682.webp,good,90
IMG_1297_nut_108_1770186059509_3732.webp,good,80
IMG_1297_nut_113_1770186058540_3729.webp,good,100
IMG_1297_nut_116_1770186021454_3633.webp,good,90
IMG_1297_nut_121_1770186058229_3728.webp,good,55
IMG_1297_nut_123_1770186057604_3726.webp,good,80
IMG_1297_nut_124_1770186057291_3725.webp,good,60
IMG_1297_nut_128_1770186020725_3631.webp,good,100
IMG_1297_nut_13_1770186049787_3704.webp,good,60
IMG_1297_nut_141_1770186037904_3671.webp,good,65
IMG_1297_nut_145_1770186037075_3669.webp,good,100
IMG_1297_nut_14_1770186031585_3656.webp,good,70
IMG_1297_nut_151_1770186077391_3768.webp,good,60
IMG_1297_nut_159_1770186054738_3718.webp,good,80
IMG_1297_nut_15_1770186092655_3798.webp,good,70
IMG_1297_nut_161_1770186018093_3624.webp,good,100
IMG_1297_nut_16_1770186067705_3756.webp,good,100
IMG_1297_nut_170_1770186033510_3661.webp,good,100
IMG_1297_nut_171_1770186016944_3621.webp,good,100
IMG_1297_nut_172_1770186016532_3620.webp,good,100
IMG_1297_nut_173_1770186016155_3619.webp,good,100
IMG_1297_nut_174_1770186072435_3763.webp,good,100
IMG_1297_nut_175_1770186071971_3762.webp,good,100
IMG_1297_nut_183_1770186052812_3713.webp,good,100
IMG_1297_nut_24_1770186091137_3795.webp,good,80
IMG_1297_nut_26_1770186014595_3615.webp,good,100
IMG_1297_nut_27_1770186030178_3653.webp,good,80
IMG_1297_nut_32_1770186066227_3752.webp,good,70
IMG_1297_nut_33_1770186065885_3751.webp,good,100
IMG_1297_nut_35_1770186065544_3750.webp,good,100
IMG_1297_nut_38_1770186089556_3792.webp,good,70
IMG_1297_nut_39_1770186048123_3699.webp,good,100
IMG_1297_nut_43_1770186087906_3789.webp,good,90
IMG_1297_nut_45_1770186028851_3650.webp,good,70
IMG_1297_nut_66_1770186027066_3647.webp,good,80
IMG_1297_nut_68_1770186083380_3780.webp,good,60
IMG_1297_nut_73_1770186045978_3693.webp,good,70
IMG_1297_nut_96_1770186023618_3639.webp,good,100
IMG_1297_nut_97_1770186061191_3737.webp,good,70
IMG_1298_nut_00_1770185072104_1294.webp,good,60
IMG_1298_nut_01_1770185088057_1340.webp,good,70
IMG_1298_nut_06_1770185080767_1319.webp,good,80
IMG_1298_nut_08_1770185080416_1318.webp,good,70
IMG_1298_nut_10_1770185070971_1291.webp,good,90
IMG_1298_nut_116_1770185055093_1246.webp,good,100
IMG_1298_nut_118_1770185040658_1206.webp,good,100
IMG_1298_nut_11_1770185070651_1290.webp,good,90
IMG_1298_nut_121_1770185039946_1204.webp,good,90
IMG_1298_nut_125_1770185054400_1244.webp,good,90
IMG_1298_nut_139_1770185037571_1198.webp,good,90
IMG_1298_nut_13_1770185094522_1358.webp,good,100
IMG_1298_nut_142_1770185045375_1219.webp,good,100
IMG_1298_nut_149_1770185051644_1237.webp,good,70
IMG_1298_nut_161_1770185057872_1254.webp,good,80
IMG_1298_nut_168_1770185050224_1233.webp,good,65
IMG_1298_nut_19_1770185079117_1314.webp,good,60
IMG_1298_nut_23_1770185094169_1357.webp,good,70
IMG_1298_nut_28_1770185068967_1285.webp,good,100
IMG_1298_nut_35_1770185076538_1307.webp,good,80
IMG_1298_nut_39_1770185093507_1355.webp,good,100
IMG_1298_nut_40_1770185085128_1331.webp,good,100
IMG_1298_nut_43_1770185084762_1330.webp,good,70
IMG_1298_nut_51_1770185082981_1325.webp,good,80
IMG_1298_nut_53_1770185092521_1352.webp,good,80
IMG_1298_nut_60_1770185091832_1350.webp,good,80
IMG_1298_nut_63_1770185074195_1300.webp,good,80
IMG_1298_nut_64_1770185073841_1299.webp,good,90
IMG_1298_nut_67_1770185066429_1278.webp,good,80
IMG_1298_nut_83_1770185089256_1343.webp,good,100
IMG_1298_nut_95_1770185042406_1211.webp,good,100
IMG_1299_nut_04_1770185680700_2881.webp,good,100
IMG_1299_nut_103_1770185633594_2755.webp,good,100
IMG_1299_nut_109_1770185654117_2807.webp,good,100
IMG_1299_nut_10_1770185666662_2842.webp,good,100
IMG_1299_nut_113_1770185653384_2805.webp,good,100
IMG_1299_nut_114_1770185632757_2753.webp,good,90
IMG_1299_nut_125_1770185640867_2773.webp,good,100
IMG_1299_nut_130_1770185619185_2720.webp,good,100
IMG_1299_nut_132_1770185651725_2801.webp,good,90
IMG_1299_nut_133_1770185651361_2800.webp,good,100
IMG_1299_nut_134_1770185631204_2749.webp,good,100
IMG_1299_nut_136_1770185630827_2748.webp,good,100
IMG_1299_nut_137_1770185640464_2772.webp,good,100
IMG_1299_nut_13_1770185666331_2841.webp,good,100
IMG_1299_nut_144_1770185650663_2798.webp,good,100
IMG_1299_nut_145_1770185616216_2713.webp,good,100
IMG_1299_nut_14_1770185678973_2876.webp,good,80
IMG_1299_nut_156_1770185639714_2770.webp,good,90
IMG_1299_nut_158_1770185615064_2710.webp,good,100
IMG_1299_nut_177_1770185609401_2695.webp,good,80
IMG_1299_nut_17_1770185665661_2839.webp,good,100
IMG_1299_nut_180_1770185625675_2736.webp,good,100
IMG_1299_nut_182_1770185638808_2768.webp,good,100
IMG_1299_nut_184_1770185637865_2766.webp,good,90
IMG_1299_nut_191_1770185645912_2786.webp,good,80
IMG_1299_nut_194_1770185635953_2762.webp,good,100
IMG_1299_nut_198_1770185611373_2700.webp,good,100
IMG_1299_nut_19_1770185687870_2901.webp,good,90
IMG_1299_nut_200_1770185611040_2699.webp,good,75
IMG_1299_nut_204_1770185623678_2731.webp,good,100
IMG_1299_nut_205_1770185645271_2784.webp,good,100
IMG_1299_nut_25_1770185672134_2857.webp,good,90
IMG_1299_nut_33_1770185686795_2898.webp,good,100
IMG_1299_nut_34_1770185686449_2897.webp,good,100
IMG_1299_nut_36_1770185663944_2834.webp,good,100
IMG_1299_nut_38_1770185663628_2833.webp,good,100
IMG_1299_nut_45_1770185676379_2869.webp,good,70
IMG_1299_nut_47_1770185685256_2894.webp,good,100
IMG_1299_nut_48_1770185662893_2831.webp,good,70
IMG_1299_nut_50_1770185675534_2867.webp,good,100
IMG_1299_nut_61_1770185669549_2850.webp,good,
IMG_1299_nut_66_1770185668832_2848.webp,good,80
IMG_1299_nut_68_1770185660347_2824.webp,good,100
IMG_1299_nut_69_1770185659939_2823.webp,good,95
IMG_1299_nut_70_1770185683515_2889.webp,good,100
IMG_1299_nut_71_1770185668475_2847.webp,good,100
IMG_1299_nut_73_1770185673835_2862.webp,good,90
IMG_1299_nut_74_1770185657190_2815.webp,good,90
IMG_1299_nut_75_1770185683159_2888.webp,good,80
IMG_1299_nut_77_1770185673508_2861.webp,good,100
IMG_1299_nut_78_1770185659281_2821.webp,good,100
IMG_1299_nut_80_1770185668044_2846.webp,good,100
IMG_1299_nut_84_1770185667347_2844.webp,good,90
IMG_1299_nut_85_1770185682398_2886.webp,good,70
IMG_1299_nut_87_1770185658238_2818.webp,good,100
IMG_1299_nut_91_1770185656864_2814.webp,good,100
IMG_1299_nut_92_1770185656524_2813.webp,good,100
IMG_1299_nut_98_1770185642553_2777.webp,good,
IMG_1291_nut_66_1770185149011_1504.webp,bad,100
IMG_1291_nut_71_1770185118596_1423.webp,bad,100
IMG_1291_nut_73_1770185133617_1462.webp,bad,100
IMG_1291_nut_74_1770185118114_1422.webp,bad,100
IMG_1291_nut_78_1770185165365_1548.webp,bad,100
IMG_1291_nut_80_1770185117288_1420.webp,bad,100
IMG_1291_nut_82_1770185148354_1502.webp,bad,100
IMG_1291_nut_83_1770185132939_1460.webp,bad,100
IMG_1291_nut_86_1770185132217_1458.webp,bad,100
IMG_1291_nut_90_1770185147968_1501.webp,bad,100
IMG_1291_nut_91_1770185147563_1500.webp,bad,100
IMG_1291_nut_92_1770185164638_1546.webp,bad,100
IMG_1291_nut_96_1770185115358_1415.webp,bad,100
IMG_1291_nut_97_1770185163899_1544.webp,bad,100
IMG_1291_nut_99_1770185131107_1455.webp,bad,100
IMG_1292_nut_00_1770185361328_2096.webp,bad,100
IMG_1292_nut_01_1770185358941_2090.webp,bad,100
IMG_1292_nut_03_1770185354306_2077.webp,bad,100
IMG_1292_nut_04_1770185352408_2072.webp,bad,100
IMG_1292_nut_05_1770185356441_2083.webp,bad,100
IMG_1292_nut_07_1770185358143_2088.webp,bad,100
IMG_1292_nut_08_1770185357784_2087.webp,bad,100
IMG_1292_nut_09_1770185356072_2082.webp,bad,100
IMG_1292_nut_10_1770185360567_2094.webp,bad,100
IMG_1292_nut_114_1770185343766_2048.webp,bad,100
IMG_1292_nut_11_1770185360209_2093.webp,bad,100
IMG_1292_nut_130_1770185322540_1990.webp,bad,100
IMG_1292_nut_131_1770185285119_1886.webp,bad,100
IMG_1292_nut_132_1770185322214_1989.webp,bad,100
IMG_1292_nut_138_1770185302535_1936.webp,bad,100
IMG_1292_nut_13_1770185359727_2092.webp,bad,100
IMG_1292_nut_141_1770185321546_1987.webp,bad,100
IMG_1292_nut_144_1770185283689_1882.webp,bad,100
IMG_1292_nut_14_1770185353912_2076.webp,bad,100
IMG_1292_nut_150_1770185301451_1933.webp,bad,100
IMG_1292_nut_153_1770185282933_1880.webp,bad,100
IMG_1292_nut_155_1770185340628_2039.webp,bad,100
IMG_1292_nut_15_1770185353522_2075.webp,bad,100
IMG_1292_nut_160_1770185299997_1929.webp,bad,100
IMG_1292_nut_163_1770185340308_2038.webp,bad,100
IMG_1292_nut_16_1770185353145_2074.webp,bad,100
IMG_1292_nut_173_1770185338997_2034.webp,bad,100
IMG_1292_nut_175_1770185297960_1923.webp,bad,100
IMG_1292_nut_183_1770185281613_1876.webp,bad,60
IMG_1292_nut_184_1770185281259_1875.webp,bad,100
IMG_1292_nut_185_1770185319278_1980.webp,bad,100
IMG_1292_nut_186_1770185296877_1920.webp,bad,100
IMG_1292_nut_187_1770185337977_2031.webp,bad,60
IMG_1292_nut_18_1770185355743_2081.webp,bad,100
IMG_1292_nut_190_1770185318915_1979.webp,bad,100
IMG_1292_nut_193_1770185318228_1977.webp,bad,100
IMG_1292_nut_194_1770185280579_1873.webp,bad,100
IMG_1292_nut_195_1770185317832_1976.webp,bad,100
IMG_1292_nut_197_1770185317028_1974.webp,bad,100
IMG_1292_nut_198_1770185296122_1918.webp,bad,100
IMG_1292_nut_199_1770185337329_2029.webp,bad,100
IMG_1292_nut_200_1770185277692_1865.webp,bad,100
IMG_1292_nut_201_1770185336968_2028.webp,bad,100
IMG_1292_nut_205_1770185295475_1916.webp,bad,100
IMG_1292_nut_206_1770185316294_1972.webp,bad,100
IMG_1292_nut_207_1770185315908_1971.webp,bad,100
IMG_1292_nut_209_1770185279929_1871.webp,bad,100
IMG_1292_nut_210_1770185295151_1915.webp,bad,100
IMG_1292_nut_211_1770185294795_1914.webp,bad,100
IMG_1292_nut_214_1770185315566_1970.webp,bad,100
IMG_1292_nut_215_1770185315226_1969.webp,bad,100
IMG_1292_nut_218_1770185335140_2024.webp,bad,100
IMG_1292_nut_219_1770185314831_1968.webp,bad,100
IMG_1292_nut_21_1770185359310_2091.webp,bad,100
IMG_1292_nut_220_1770185334743_2023.webp,bad,100
IMG_1292_nut_223_1770185293477_1910.webp,bad,100
IMG_1292_nut_224_1770185314171_1966.webp,bad,100
IMG_1292_nut_226_1770185313829_1965.webp,bad,100
IMG_1292_nut_227_1770185279550_1870.webp,bad,100
IMG_1292_nut_228_1770185279211_1869.webp,bad,100
IMG_1292_nut_22_1770185354995_2079.webp,bad,100
IMG_1292_nut_230_1770185278816_1868.webp,bad,100
IMG_1292_nut_231_1770185292831_1908.webp,bad,100
IMG_1292_nut_23_1770185354646_2078.webp,bad,100
IMG_1292_nut_25_1770185352025_2071.webp,bad,100
IMG_1292_nut_26_1770185334299_2022.webp,bad,100
IMG_1292_nut_30_1770185333763_2021.webp,bad,100
IMG_1292_nut_32_1770185333335_2020.webp,bad,100
IMG_1292_nut_33_1770185292101_1906.webp,bad,100
IMG_1292_nut_34_1770185291771_1905.webp,bad,100
IMG_1292_nut_37_1770185351304_2069.webp,bad,100
IMG_1292_nut_38_1770185312432_1961.webp,bad,100
IMG_1292_nut_39_1770185350977_2068.webp,bad,100
IMG_1292_nut_41_1770185332228_2017.webp,bad,100
IMG_1292_nut_43_1770185350253_2066.webp,bad,100
IMG_1292_nut_45_1770185349938_2065.webp,bad,100
IMG_1292_nut_50_1770185349562_2064.webp,bad,100
IMG_1292_nut_52_1770185311284_1958.webp,bad,100
IMG_1292_nut_55_1770185310751_1957.webp,bad,100
IMG_1292_nut_57_1770185330340_2012.webp,bad,100
IMG_1292_nut_58_1770185290315_1901.webp,bad,100
IMG_1292_nut_62_1770185289618_1899.webp,bad,100
IMG_1292_nut_63_1770185289267_1898.webp,bad,100
IMG_1292_nut_64_1770185330023_2011.webp,bad,100
IMG_1292_nut_65_1770185329679_2010.webp,bad,100
IMG_1292_nut_66_1770185309143_1954.webp,bad,100
IMG_1292_nut_69_1770185288589_1896.webp,bad,100
IMG_1292_nut_71_1770185328970_2008.webp,bad,100
IMG_1292_nut_76_1770185328284_2006.webp,bad,100
IMG_1292_nut_78_1770185308657_1953.webp,bad,100
IMG_1292_nut_81_1770185307912_1951.webp,bad,100
IMG_1292_nut_84_1770185348193_2060.webp,bad,100
IMG_1292_nut_87_1770185326806_2002.webp,bad,100
IMG_1292_nut_89_1770185307543_1950.webp,bad,100
IMG_1292_nut_92_1770185326079_2000.webp,bad,100
IMG_1292_nut_93_1770185346685_2056.webp,bad,100
IMG_1292_nut_94_1770185346267_2055.webp,bad,100
IMG_1292_nut_96_1770185287036_1892.webp,bad,100
IMG_1292_nut_97_1770185345866_2054.webp,bad,100
IMG_1293_nut_01_1770185476176_2412.webp,bad,100
IMG_1293_nut_03_1770185453890_2358.webp,bad,100
IMG_1293_nut_04_1770185475676_2411.webp,bad,100
IMG_1293_nut_05_1770185497300_2458.webp,bad,100
IMG_1293_nut_06_1770185435815_2306.webp,bad,100
IMG_1293_nut_08_1770185475195_2410.webp,bad,100
IMG_1293_nut_100_1770185426953_2281.webp,bad,100
IMG_1293_nut_102_1770185445650_2335.webp,bad,100
IMG_1293_nut_103_1770185463024_2381.webp,bad,100
IMG_1293_nut_105_1770185426611_2280.webp,bad,100
IMG_1293_nut_106_1770185426228_2279.webp,bad,100
IMG_1293_nut_107_1770185417290_2253.webp,bad,100
IMG_1293_nut_108_1770185488061_2438.webp,bad,100
IMG_1293_nut_109_1770185487690_2437.webp,bad,100
IMG_1293_nut_112_1770185425839_2278.webp,bad,100
IMG_1293_nut_116_1770185486279_2434.webp,bad,100
IMG_1293_nut_118_1770185461379_2379.webp,bad,100
IMG_1293_nut_119_1770185425516_2277.webp,bad,100
IMG_1293_nut_120_1770185460912_2378.webp,bad,100
IMG_1293_nut_122_1770185425177_2276.webp,bad,100
IMG_1293_nut_125_1770185444337_2331.webp,bad,100
IMG_1293_nut_126_1770185443970_2330.webp,bad,100
IMG_1293_nut_127_1770185484024_2429.webp,bad,100
IMG_1293_nut_128_1770185424840_2275.webp,bad,100
IMG_1293_nut_129_1770185483623_2428.webp,bad,100
IMG_1293_nut_130_1770185483229_2427.webp,bad,100
IMG_1293_nut_133_1770185481361_2425.webp,bad,100
IMG_1293_nut_134_1770185480958_2424.webp,bad,100
IMG_1293_nut_135_1770185443585_2329.webp,bad,100
IMG_1293_nut_136_1770185460235_2376.webp,bad,100
IMG_1293_nut_137_1770185443266_2328.webp,bad,100
IMG_1293_nut_139_1770185480205_2422.webp,bad,100
IMG_1293_nut_140_1770185459840_2375.webp,bad,100
IMG_1293_nut_141_1770185424517_2274.webp,bad,100
IMG_1293_nut_142_1770185459411_2374.webp,bad,100
IMG_1293_nut_143_1770185479763_2421.webp,bad,100
IMG_1293_nut_146_1770185416968_2252.webp,bad,100
IMG_1293_nut_147_1770185424148_2273.webp,bad,100
IMG_1293_nut_148_1770185442564_2326.webp,bad,100
IMG_1293_nut_14_1770185453175_2356.webp,bad,100
IMG_1293_nut_150_1770185423497_2271.webp,bad,100
IMG_1293_nut_151_1770185442247_2325.webp,bad,100
IMG_1293_nut_152_1770185441918_2324.webp,bad,100
IMG_1293_nut_153_1770185441608_2323.webp,bad,100
IMG_1293_nut_155_1770185441272_2322.webp,bad,100
IMG_1293_nut_157_1770185458345_2371.webp,bad,100
IMG_1293_nut_15_1770185434784_2303.webp,bad,100
IMG_1293_nut_162_1770185440298_2319.webp,bad,100
IMG_1293_nut_164_1770185478997_2419.webp,bad,100
IMG_1293_nut_165_1770185439608_2317.webp,bad,100
IMG_1293_nut_166_1770185457648_2369.webp,bad,100
IMG_1293_nut_168_1770185457014_2367.webp,bad,100
IMG_1293_nut_169_1770185478557_2418.webp,bad,100
IMG_1293_nut_16_1770185473937_2407.webp,bad,100
IMG_1293_nut_170_1770185439266_2316.webp,bad,100
IMG_1293_nut_172_1770185422820_2269.webp,bad,100
IMG_1293_nut_173_1770185438951_2315.webp,bad,100
IMG_1293_nut_175_1770185456332_2365.webp,bad,100
IMG_1293_nut_176_1770185455983_2364.webp,bad,100
IMG_1293_nut_177_1770185422142_2267.webp,bad,100
IMG_1293_nut_17_1770185434424_2302.webp,bad,100
IMG_1293_nut_180_1770185438611_2314.webp,bad,100
IMG_1293_nut_181_1770185455628_2363.webp,bad,100
IMG_1293_nut_183_1770185421464_2265.webp,bad,100
IMG_1293_nut_185_1770185455290_2362.webp,bad,100
IMG_1293_nut_187_1770185437947_2312.webp,bad,100
IMG_1293_nut_188_1770185477827_2416.webp,bad,100
IMG_1293_nut_18_1770185452782_2355.webp,bad,100
IMG_1293_nut_191_1770185437511_2311.webp,bad,100
IMG_1293_nut_197_1770185419391_2259.webp,bad,100
IMG_1293_nut_198_1770185418986_2258.webp,bad,100
IMG_1293_nut_199_1770185477085_2414.webp,bad,100
IMG_1293_nut_19_1770185496378_2456.webp,bad,100
IMG_1293_nut_201_1770185454605_2360.webp,bad,100
IMG_1293_nut_205_1770185436509_2308.webp,bad,100
IMG_1293_nut_208_1770185417657_2254.webp,bad,100
IMG_1293_nut_20_1770185495906_2455.webp,bad,80
IMG_1293_nut_22_1770185473513_2406.webp,bad,100
IMG_1293_nut_26_1770185472788_2404.webp,bad,100
IMG_1293_nut_28_1770185472018_2402.webp,bad,65
IMG_1293_nut_29_1770185434091_2301.webp,bad,100
IMG_1293_nut_30_1770185451763_2352.webp,bad,100
IMG_1293_nut_32_1770185471557_2401.webp,bad,100
IMG_1293_nut_34_1770185494834_2452.webp,bad,55
IMG_1293_nut_36_1770185433764_2300.webp,bad,75
IMG_1293_nut_40_1770185470272_2398.webp,bad,100
IMG_1293_nut_41_1770185451061_2350.webp,bad,100
IMG_1293_nut_42_1770185450698_2349.webp,bad,100
IMG_1293_nut_43_1770185450363_2348.webp,bad,65
IMG_1293_nut_46_1770185493719_2449.webp,bad,100
IMG_1293_nut_47_1770185450010_2347.webp,bad,75
IMG_1293_nut_48_1770185493331_2448.webp,bad,100
IMG_1293_nut_49_1770185469784_2397.webp,bad,100
IMG_1293_nut_51_1770185449206_2345.webp,bad,100
IMG_1293_nut_52_1770185469234_2396.webp,bad,100
IMG_1293_nut_53_1770185468823_2395.webp,bad,100
IMG_1293_nut_55_1770185448827_2344.webp,bad,100
IMG_1293_nut_57_1770185492936_2447.webp,bad,60
IMG_1293_nut_59_1770185432138_2296.webp,bad,100
IMG_1293_nut_61_1770185447818_2341.webp,bad,100
IMG_1293_nut_62_1770185431827_2295.webp,bad,70
IMG_1293_nut_65_1770185467899_2393.webp,bad,100
IMG_1293_nut_66_1770185467448_2392.webp,bad,100
IMG_1293_nut_68_1770185430795_2292.webp,bad,100
IMG_1293_nut_71_1770185430133_2290.webp,bad,100
IMG_1293_nut_76_1770185429411_2288.webp,bad,100
IMG_1293_nut_78_1770185490828_2443.webp,bad,100
IMG_1293_nut_79_1770185428605_2286.webp,bad,100
IMG_1293_nut_80_1770185466527_2390.webp,bad,100
IMG_1293_nut_81_1770185490286_2442.webp,bad,100
IMG_1293_nut_82_1770185489596_2441.webp,bad,100
IMG_1293_nut_83_1770185428282_2285.webp,bad,100
IMG_1293_nut_84_1770185447072_2339.webp,bad,100
IMG_1293_nut_85_1770185446763_2338.webp,bad,100
IMG_1293_nut_86_1770185466094_2389.webp,bad,100
IMG_1293_nut_89_1770185488999_2440.webp,bad,100
IMG_1293_nut_90_1770185427958_2284.webp,bad,100
IMG_1293_nut_92_1770185464447_2385.webp,bad,100
IMG_1293_nut_93_1770185427592_2283.webp,bad,100
IMG_1293_nut_96_1770185446398_2337.webp,bad,100
IMG_1293_nut_97_1770185427266_2282.webp,bad,100
IMG_1293_nut_99_1770185446038_2336.webp,bad,100
IMG_1294_nut_01_1770185871848_3318.webp,bad,100
IMG_1294_nut_02_1770185896507_3372.webp,bad,100
IMG_1294_nut_03_1770185844344_3281.webp,bad,100
IMG_1294_nut_07_1770185871377_3317.webp,bad,100
IMG_1294_nut_08_1770185870618_3316.webp,bad,100
IMG_1294_nut_09_1770185896155_3371.webp,bad,100
IMG_1294_nut_102_1770185849226_3290.webp,bad,100
IMG_1294_nut_103_1770185832133_3259.webp,bad,100
IMG_1294_nut_104_1770185885206_3347.webp,bad,100
IMG_1294_nut_105_1770185848722_3289.webp,bad,100
IMG_1294_nut_106_1770185884871_3346.webp,bad,70
IMG_1294_nut_107_1770185848206_3288.webp,bad,100
IMG_1294_nut_108_1770185847730_3287.webp,bad,100
IMG_1294_nut_109_1770185847084_3286.webp,bad,100
IMG_1294_nut_10_1770185842696_3278.webp,bad,100
IMG_1294_nut_111_1770185884499_3345.webp,bad,100
IMG_1294_nut_113_1770185831581_3258.webp,bad,100
IMG_1294_nut_115_1770185845435_3283.webp,bad,100
IMG_1294_nut_116_1770185830972_3257.webp,bad,100
IMG_1294_nut_117_1770185872821_3319.webp,bad,100
IMG_1294_nut_118_1770185795458_3200.webp,bad,100
IMG_1294_nut_120_1770185795057_3199.webp,bad,100
IMG_1294_nut_121_1770185829271_3254.webp,bad,100
IMG_1294_nut_122_1770185794617_3198.webp,bad,100
IMG_1294_nut_123_1770185785629_3176.webp,bad,70
IMG_1294_nut_124_1770185785296_3175.webp,bad,100
IMG_1294_nut_125_1770185828694_3253.webp,bad,100
IMG_1294_nut_126_1770185784923_3174.webp,bad,100
IMG_1294_nut_127_1770185828076_3252.webp,bad,100
IMG_1294_nut_128_1770185794181_3197.webp,bad,100
IMG_1294_nut_129_1770185827491_3251.webp,bad,100
IMG_1294_nut_12_1770185895808_3370.webp,bad,55
IMG_1294_nut_131_1770185784520_3173.webp,bad,100
IMG_1294_nut_132_1770185793076_3195.webp,bad,100
IMG_1294_nut_133_1770185784191_3172.webp,bad,100
IMG_1294_nut_134_1770185792618_3194.webp,bad,100
IMG_1294_nut_136_1770185816410_3232.webp,bad,100
IMG_1294_nut_137_1770185826989_3250.webp,bad,100
IMG_1294_nut_138_1770185815799_3231.webp,bad,55
IMG_1294_nut_13_1770185895224_3369.webp,bad,100
IMG_1294_nut_140_1770185783515_3170.webp,bad,100
IMG_1294_nut_141_1770185783176_3169.webp,bad,100
IMG_1294_nut_142_1770185826437_3249.webp,bad,100
IMG_1294_nut_143_1770185814806_3229.webp,bad,100
IMG_1294_nut_144_1770185777694_3154.webp,bad,100
IMG_1294_nut_147_1770185791751_3192.webp,bad,100
IMG_1294_nut_149_1770185825359_3247.webp,bad,100
IMG_1294_nut_14_1770185894052_3368.webp,bad,100
IMG_1294_nut_150_1770185814229_3228.webp,bad,100
IMG_1294_nut_152_1770185824602_3246.webp,bad,100
IMG_1294_nut_155_1770185813173_3226.webp,bad,100
IMG_1294_nut_156_1770185782526_3167.webp,bad,100
IMG_1294_nut_157_1770185812648_3225.webp,bad,100
IMG_1294_nut_158_1770185790496_3190.webp,bad,100
IMG_1294_nut_159_1770185790170_3189.webp,bad,100
IMG_1294_nut_15_1770185883814_3343.webp,bad,100
IMG_1294_nut_162_1770185789841_3188.webp,bad,100
IMG_1294_nut_163_1770185811994_3224.webp,bad,100
IMG_1294_nut_164_1770185789487_3187.webp,bad,60
IMG_1294_nut_165_1770185811430_3223.webp,bad,100
IMG_1294_nut_166_1770185810835_3222.webp,bad,100
IMG_1294_nut_167_1770185810292_3221.webp,bad,100
IMG_1294_nut_174_1770185803529_3219.webp,bad,100
IMG_1294_nut_175_1770185821378_3241.webp,bad,100
IMG_1294_nut_176_1770185781891_3165.webp,bad,100
IMG_1294_nut_178_1770185788861_3185.webp,bad,100
IMG_1294_nut_179_1770185781184_3163.webp,bad,80
IMG_1294_nut_17_1770185883464_3342.webp,bad,70
IMG_1294_nut_180_1770185780832_3162.webp,bad,100
IMG_1294_nut_182_1770185802902_3218.webp,bad,100
IMG_1294_nut_184_1770185788497_3184.webp,bad,100
IMG_1294_nut_186_1770185780439_3161.webp,bad,100
IMG_1294_nut_187_1770185801480_3215.webp,bad,100
IMG_1294_nut_188_1770185820845_3240.webp,bad,100
IMG_1294_nut_189_1770185800980_3214.webp,bad,100
IMG_1294_nut_18_1770185869930_3314.webp,bad,80
IMG_1294_nut_190_1770185800586_3213.webp,bad,70
IMG_1294_nut_191_1770185800269_3212.webp,bad,100
IMG_1294_nut_192_1770185799936_3211.webp,bad,100
IMG_1294_nut_193_1770185780114_3160.webp,bad,100
IMG_1294_nut_194_1770185779690_3159.webp,bad,100
IMG_1294_nut_195_1770185799585_3210.webp,bad,100
IMG_1294_nut_196_1770185799270_3209.webp,bad,100
IMG_1294_nut_197_1770185820306_3239.webp,bad,100
IMG_1294_nut_198_1770185798903_3208.webp,bad,100
IMG_1294_nut_199_1770185788136_3183.webp,bad,100
IMG_1294_nut_19_1770185883081_3341.webp,bad,80
IMG_1294_nut_200_1770185779201_3158.webp,bad,100
IMG_1294_nut_202_1770185787469_3181.webp,bad,100
IMG_1294_nut_203_1770185798564_3207.webp,bad,100
IMG_1294_nut_204_1770185798222_3206.webp,bad,100
IMG_1294_nut_205_1770185819848_3238.webp,bad,100
IMG_1294_nut_206_1770185819303_3237.webp,bad,100
IMG_1294_nut_207_1770185787109_3180.webp,bad,55
IMG_1294_nut_208_1770185778839_3157.webp,bad,100
IMG_1294_nut_209_1770185797757_3205.webp,bad,100
IMG_1294_nut_20_1770185882533_3340.webp,bad,100
IMG_1294_nut_211_1770185797228_3204.webp,bad,100
IMG_1294_nut_212_1770185786397_3178.webp,bad,100
IMG_1294_nut_214_1770185796449_3202.webp,bad,100
IMG_1294_nut_215_1770185785994_3177.webp,bad,60
IMG_1294_nut_216_1770185778440_3156.webp,bad,100
IMG_1294_nut_217_1770185818663_3236.webp,bad,100
IMG_1294_nut_218_1770185778077_3155.webp,bad,100
IMG_1294_nut_219_1770185795961_3201.webp,bad,100
IMG_1294_nut_220_1770185818121_3235.webp,bad,100
IMG_1294_nut_22_1770185869047_3312.webp,bad,100
IMG_1294_nut_23_1770185893613_3367.webp,bad,100
IMG_1294_nut_24_1770185882119_3339.webp,bad,60
IMG_1294_nut_25_1770185881722_3338.webp,bad,100
IMG_1294_nut_26_1770185881346_3337.webp,bad,100
IMG_1294_nut_27_1770185841604_3276.webp,bad,100
IMG_1294_nut_28_1770185868427_3311.webp,bad,100
IMG_1294_nut_29_1770185880981_3336.webp,bad,100
IMG_1294_nut_30_1770185868008_3310.webp,bad,100
IMG_1294_nut_32_1770185840849_3275.webp,bad,100
IMG_1294_nut_33_1770185893243_3366.webp,bad,100
IMG_1294_nut_34_1770185880576_3335.webp,bad,100
IMG_1294_nut_36_1770185892897_3365.webp,bad,100
IMG_1294_nut_37_1770185840323_3274.webp,bad,100
IMG_1294_nut_38_1770185892500_3364.webp,bad,100
IMG_1294_nut_39_1770185865388_3308.webp,bad,100
IMG_1294_nut_40_1770185858393_3307.webp,bad,100
IMG_1294_nut_41_1770185857767_3306.webp,bad,100
IMG_1294_nut_42_1770185892049_3363.webp,bad,100
IMG_1294_nut_43_1770185879860_3333.webp,bad,100
IMG_1294_nut_44_1770185879529_3332.webp,bad,100
IMG_1294_nut_45_1770185839737_3273.webp,bad,100
IMG_1294_nut_46_1770185857202_3305.webp,bad,100
IMG_1294_nut_47_1770185891685_3362.webp,bad,100
IMG_1294_nut_48_1770185879157_3331.webp,bad,100
IMG_1294_nut_49_1770185839159_3272.webp,bad,100
IMG_1294_nut_50_1770185856614_3304.webp,bad,100
IMG_1294_nut_51_1770185878702_3330.webp,bad,100
IMG_1294_nut_52_1770185856005_3303.webp,bad,100
IMG_1294_nut_53_1770185878152_3329.webp,bad,100
IMG_1294_nut_54_1770185838694_3271.webp,bad,100
IMG_1294_nut_55_1770185891329_3361.webp,bad,100
IMG_1294_nut_56_1770185890934_3360.webp,bad,100
IMG_1294_nut_57_1770185855490_3302.webp,bad,100
IMG_1294_nut_58_1770185830315_3256.webp,bad,100
IMG_1294_nut_60_1770185854989_3301.webp,bad,100
IMG_1294_nut_61_1770185854560_3300.webp,bad,100
IMG_1294_nut_63_1770185877635_3328.webp,bad,100
IMG_1294_nut_64_1770185877029_3327.webp,bad,100
IMG_1294_nut_67_1770185853557_3298.webp,bad,100
IMG_1294_nut_69_1770185853015_3297.webp,bad,100
IMG_1294_nut_71_1770185889581_3357.webp,bad,100
IMG_1294_nut_73_1770185888199_3355.webp,bad,100
IMG_1294_nut_74_1770185887829_3354.webp,bad,100
IMG_1294_nut_75_1770185852416_3296.webp,bad,100
IMG_1294_nut_76_1770185836789_3267.webp,bad,60
IMG_1294_nut_78_1770185835521_3265.webp,bad,100
IMG_1294_nut_79_1770185876444_3326.webp,bad,100
IMG_1294_nut_80_1770185875821_3325.webp,bad,100
IMG_1294_nut_81_1770185887490_3353.webp,bad,100
IMG_1294_nut_82_1770185887058_3352.webp,bad,100
IMG_1294_nut_83_1770185851988_3295.webp,bad,100
IMG_1294_nut_84_1770185875349_3324.webp,bad,100
IMG_1294_nut_85_1770185851522_3294.webp,bad,100
IMG_1294_nut_86_1770185874789_3323.webp,bad,100
IMG_1294_nut_87_1770185874212_3322.webp,bad,100
IMG_1294_nut_88_1770185851003_3293.webp,bad,100
IMG_1294_nut_89_1770185873760_3321.webp,bad,100
IMG_1294_nut_90_1770185886641_3351.webp,bad,100
IMG_1294_nut_91_1770185886276_3350.webp,bad,100
IMG_1294_nut_93_1770185850444_3292.webp,bad,100
IMG_1294_nut_94_1770185834555_3263.webp,bad,60
IMG_1294_nut_95_1770185885930_3349.webp,bad,100
IMG_1294_nut_96_1770185833990_3262.webp,bad,100
IMG_1294_nut_97_1770185833485_3261.webp,bad,100
IMG_1294_nut_98_1770185849788_3291.webp,bad,100
IMG_1294_nut_99_1770185832766_3260.webp,bad,60
IMG_1295_nut_00_1770184756317_449.webp,bad,70
IMG_1295_nut_01_1770184755565_448.webp,bad,100
IMG_1295_nut_02_1770184783758_511.webp,bad,100
IMG_1295_nut_03_1770184783419_510.webp,bad,80
IMG_1295_nut_04_1770184709612_335.webp,bad,100
IMG_1295_nut_05_1770184709226_334.webp,bad,100
IMG_1295_nut_06_1770184733827_399.webp,bad,100
IMG_1295_nut_07_1770184733399_398.webp,bad,100
IMG_1295_nut_08_1770184733034_397.webp,bad,100
IMG_1295_nut_102_1770184748483_435.webp,bad,100
IMG_1295_nut_103_1770184772004_478.webp,bad,100
IMG_1295_nut_105_1770184721084_367.webp,bad,100
IMG_1295_nut_106_1770184771685_477.webp,bad,100
IMG_1295_nut_107_1770184771272_476.webp,bad,100
IMG_1295_nut_108_1770184770863_475.webp,bad,100
IMG_1295_nut_109_1770184701325_312.webp,bad,100
IMG_1295_nut_10_1770184732334_395.webp,bad,100
IMG_1295_nut_111_1770184700973_311.webp,bad,70
IMG_1295_nut_113_1770184700610_310.webp,bad,100
IMG_1295_nut_114_1770184700261_309.webp,bad,100
IMG_1295_nut_115_1770184747158_432.webp,bad,100
IMG_1295_nut_117_1770184770439_474.webp,bad,100
IMG_1295_nut_118_1770184746387_430.webp,bad,100
IMG_1295_nut_119_1770184699920_308.webp,bad,100
IMG_1295_nut_11_1770184731969_394.webp,bad,100
IMG_1295_nut_121_1770184770008_473.webp,bad,100
IMG_1295_nut_122_1770184769606_472.webp,bad,100
IMG_1295_nut_123_1770184720034_364.webp,bad,100
IMG_1295_nut_124_1770184746021_429.webp,bad,100
IMG_1295_nut_125_1770184769177_471.webp,bad,100
IMG_1295_nut_127_1770184719242_362.webp,bad,100
IMG_1295_nut_128_1770184699567_307.webp,bad,100
IMG_1295_nut_129_1770184718904_361.webp,bad,60
IMG_1295_nut_12_1770184783003_509.webp,bad,100
IMG_1295_nut_130_1770184745664_428.webp,bad,100
IMG_1295_nut_131_1770184718586_360.webp,bad,100
IMG_1295_nut_132_1770184718278_359.webp,bad,100
IMG_1295_nut_133_1770184768541_470.webp,bad,100
IMG_1295_nut_134_1770184768089_469.webp,bad,100
IMG_1295_nut_135_1770184699214_306.webp,bad,100
IMG_1295_nut_138_1770184767106_467.webp,bad,60
IMG_1295_nut_139_1770184698795_305.webp,bad,100
IMG_1295_nut_13_1770184782639_508.webp,bad,100
IMG_1295_nut_140_1770184744816_426.webp,bad,100
IMG_1295_nut_141_1770184766651_466.webp,bad,100
IMG_1295_nut_143_1770184698419_304.webp,bad,100
IMG_1295_nut_144_1770184717897_358.webp,bad,70
IMG_1295_nut_145_1770184717421_357.webp,bad,100
IMG_1295_nut_146_1770184717064_356.webp,bad,100
IMG_1295_nut_147_1770184716744_355.webp,bad,100
IMG_1295_nut_149_1770184698074_303.webp,bad,100
IMG_1295_nut_150_1770184743728_423.webp,bad,100
IMG_1295_nut_151_1770184716355_354.webp,bad,100
IMG_1295_nut_152_1770184697735_302.webp,bad,55
IMG_1295_nut_153_1770184697405_301.webp,bad,100
IMG_1295_nut_158_1770184743078_421.webp,bad,100
IMG_1295_nut_15_1770184782289_507.webp,bad,100
IMG_1295_nut_162_1770184741921_418.webp,bad,100
IMG_1295_nut_165_1770184741418_417.webp,bad,100
IMG_1295_nut_166_1770184741006_416.webp,bad,100
IMG_1295_nut_167_1770184696434_298.webp,bad,100
IMG_1295_nut_16_1770184731299_392.webp,bad,100
IMG_1295_nut_171_1770184766193_465.webp,bad,100
IMG_1295_nut_174_1770184764814_463.webp,bad,60
IMG_1295_nut_175_1770184714138_348.webp,bad,100
IMG_1295_nut_176_1770184764283_462.webp,bad,100
IMG_1295_nut_17_1770184730971_391.webp,bad,100
IMG_1295_nut_181_1770184762797_459.webp,bad,100
IMG_1295_nut_182_1770184692442_286.webp,bad,100
IMG_1295_nut_184_1770184739756_413.webp,bad,100
IMG_1295_nut_185_1770184692135_285.webp,bad,100
IMG_1295_nut_186_1770184762234_458.webp,bad,100
IMG_1295_nut_18_1770184754651_447.webp,bad,100
IMG_1295_nut_190_1770184695170_294.webp,bad,100
IMG_1295_nut_195_1770184694443_292.webp,bad,100
IMG_1295_nut_197_1770184760404_455.webp,bad,100
IMG_1295_nut_19_1770184781915_506.webp,bad,100
IMG_1295_nut_201_1770184737691_409.webp,bad,100
IMG_1295_nut_204_1770184737173_408.webp,bad,100
IMG_1295_nut_209_1770184711352_340.webp,bad,100
IMG_1295_nut_20_1770184708851_333.webp,bad,100
IMG_1295_nut_213_1770184736247_406.webp,bad,100
IMG_1295_nut_216_1770184693104_288.webp,bad,100
IMG_1295_nut_219_1770184710706_338.webp,bad,100
IMG_1295_nut_222_1770184734865_402.webp,bad,100
IMG_1295_nut_225_1770184709932_336.webp,bad,100
IMG_1295_nut_226_1770184734192_400.webp,bad,100
IMG_1295_nut_227_1770184691824_284.webp,bad,100
IMG_1295_nut_228_1770184686923_270.webp,bad,100
IMG_1295_nut_22_1770184730604_390.webp,bad,100
IMG_1295_nut_230_1770184690681_281.webp,bad,100
IMG_1295_nut_231_1770184690356_280.webp,bad,100
IMG_1295_nut_232_1770184686599_269.webp,bad,55
IMG_1295_nut_233_1770184689052_276.webp,bad,100
IMG_1295_nut_234_1770184688723_275.webp,bad,100
IMG_1295_nut_235_1770184688342_274.webp,bad,100
IMG_1295_nut_236_1770184686282_268.webp,bad,100
IMG_1295_nut_237_1770184690037_279.webp,bad,60
IMG_1295_nut_238_1770184685866_267.webp,bad,100
IMG_1295_nut_239_1770184687944_273.webp,bad,100
IMG_1295_nut_23_1770184781197_504.webp,bad,100
IMG_1295_nut_240_1770184687538_272.webp,bad,100
IMG_1295_nut_242_1770184687238_271.webp,bad,100
IMG_1295_nut_243_1770184691379_283.webp,bad,100
IMG_1295_nut_244_1770184689674_278.webp,bad,100
IMG_1295_nut_245_1770184689358_277.webp,bad,100
IMG_1295_nut_24_1770184708540_332.webp,bad,100
IMG_1295_nut_25_1770184708130_331.webp,bad,100
IMG_1295_nut_27_1770184753759_446.webp,bad,100
IMG_1295_nut_28_1770184730270_389.webp,bad,100
IMG_1295_nut_29_1770184753010_445.webp,bad,100
IMG_1295_nut_30_1770184729816_388.webp,bad,100
IMG_1295_nut_31_1770184780513_502.webp,bad,100
IMG_1295_nut_38_1770184707768_330.webp,bad,100
IMG_1295_nut_39_1770184779477_499.webp,bad,100
IMG_1295_nut_40_1770184728799_386.webp,bad,100
IMG_1295_nut_41_1770184707449_329.webp,bad,100
IMG_1295_nut_44_1770184778790_497.webp,bad,100
IMG_1295_nut_46_1770184751268_441.webp,bad,100
IMG_1295_nut_47_1770184706770_327.webp,bad,100
IMG_1295_nut_48_1770184727957_384.webp,bad,60
IMG_1295_nut_49_1770184778483_496.webp,bad,100
IMG_1295_nut_51_1770184706409_326.webp,bad,100
IMG_1295_nut_53_1770184750830_440.webp,bad,100
IMG_1295_nut_55_1770184705642_324.webp,bad,100
IMG_1295_nut_56_1770184777729_494.webp,bad,100
IMG_1295_nut_57_1770184750385_439.webp,bad,100
IMG_1295_nut_59_1770184777351_493.webp,bad,100
IMG_1295_nut_60_1770184705305_323.webp,bad,100
IMG_1295_nut_61_1770184704988_322.webp,bad,100
IMG_1295_nut_62_1770184749911_438.webp,bad,100
IMG_1295_nut_63_1770184726516_381.webp,bad,100
IMG_1295_nut_64_1770184704613_321.webp,bad,100
IMG_1295_nut_65_1770184726177_380.webp,bad,100
IMG_1295_nut_66_1770184704215_320.webp,bad,100
IMG_1295_nut_67_1770184776992_492.webp,bad,100
IMG_1295_nut_69_1770184776639_491.webp,bad,100
IMG_1295_nut_73_1770184725366_378.webp,bad,100
IMG_1295_nut_74_1770184775213_487.webp,bad,100
IMG_1295_nut_77_1770184774483_485.webp,bad,100
IMG_1295_nut_78_1770184724624_376.webp,bad,100
IMG_1295_nut_79_1770184774080_484.webp,bad,100
IMG_1295_nut_81_1770184723875_374.webp,bad,100
IMG_1295_nut_82_1770184773672_483.webp,bad,100
IMG_1295_nut_85_1770184722640_371.webp,bad,100
IMG_1295_nut_86_1770184749505_437.webp,bad,60
IMG_1295_nut_88_1770184773299_482.webp,bad,100
IMG_1295_nut_89_1770184703553_318.webp,bad,100
IMG_1295_nut_90_1770184749035_436.webp,bad,100
IMG_1295_nut_91_1770184722205_370.webp,bad,100
IMG_1295_nut_92_1770184721753_369.webp,bad,100
IMG_1295_nut_93_1770184703168_317.webp,bad,100
IMG_1295_nut_94_1770184772976_481.webp,bad,100
IMG_1295_nut_95_1770184702866_316.webp,bad,100
IMG_1295_nut_96_1770184772654_480.webp,bad,100
IMG_1295_nut_97_1770184702501_315.webp,bad,100
IMG_1295_nut_99_1770184702137_314.webp,bad,100
IMG_1296_nut_00_1770185246705_1776.webp,bad,100
IMG_1296_nut_01_1770185193315_1625.webp,bad,100
IMG_1296_nut_03_1770185231321_1732.webp,bad,100
IMG_1296_nut_04_1770185230963_1731.webp,bad,100
IMG_1296_nut_06_1770185209416_1670.webp,bad,100
IMG_1296_nut_07_1770185230146_1729.webp,bad,70
IMG_1296_nut_08_1770185209062_1669.webp,bad,100
IMG_1296_nut_101_1770185185609_1603.webp,bad,100
IMG_1296_nut_103_1770185202241_1650.webp,bad,100
IMG_1296_nut_109_1770185219310_1697.webp,bad,100
IMG_1296_nut_10_1770185229772_1728.webp,bad,90
IMG_1296_nut_111_1770185218662_1695.webp,bad,100
IMG_1296_nut_112_1770185218336_1694.webp,bad,100
IMG_1296_nut_124_1770185236567_1747.webp,bad,100
IMG_1296_nut_125_1770185199685_1643.webp,bad,100
IMG_1296_nut_128_1770185184128_1599.webp,bad,100
IMG_1296_nut_129_1770185216730_1690.webp,bad,100
IMG_1296_nut_131_1770185183700_1598.webp,bad,100
IMG_1296_nut_132_1770185183347_1597.webp,bad,100
IMG_1296_nut_133_1770185182926_1596.webp,bad,80
IMG_1296_nut_136_1770185216358_1689.webp,bad,100
IMG_1296_nut_139_1770185215402_1687.webp,bad,60
IMG_1296_nut_13_1770185192633_1623.webp,bad,100
IMG_1296_nut_144_1770185198873_1641.webp,bad,100
IMG_1296_nut_145_1770185234404_1741.webp,bad,100
IMG_1296_nut_146_1770185198517_1640.webp,bad,100
IMG_1296_nut_148_1770185234072_1740.webp,bad,100
IMG_1296_nut_151_1770185198153_1639.webp,bad,100
IMG_1296_nut_155_1770185214170_1684.webp,bad,60
IMG_1296_nut_158_1770185181807_1593.webp,bad,100
IMG_1296_nut_159_1770185213817_1683.webp,bad,100
IMG_1296_nut_161_1770185196662_1635.webp,bad,100
IMG_1296_nut_162_1770185196292_1634.webp,bad,70
IMG_1296_nut_166_1770185180994_1591.webp,bad,100
IMG_1296_nut_168_1770185180305_1589.webp,bad,100
IMG_1296_nut_169_1770185212828_1680.webp,bad,100
IMG_1296_nut_16_1770185229004_1726.webp,bad,100
IMG_1296_nut_172_1770185195609_1632.webp,bad,100
IMG_1296_nut_174_1770185232357_1735.webp,bad,100
IMG_1296_nut_175_1770185179660_1587.webp,bad,100
IMG_1296_nut_181_1770185178932_1585.webp,bad,100
IMG_1296_nut_184_1770185178204_1583.webp,bad,100
IMG_1296_nut_185_1770185177867_1582.webp,bad,100
IMG_1296_nut_186_1770185211481_1676.webp,bad,100
IMG_1296_nut_189_1770185210794_1674.webp,bad,100
IMG_1296_nut_193_1770185210107_1672.webp,bad,100
IMG_1296_nut_199_1770185176802_1579.webp,bad,100
IMG_1296_nut_19_1770185228639_1725.webp,bad,100
IMG_1296_nut_200_1770185176413_1578.webp,bad,100
IMG_1296_nut_20_1770185191907_1621.webp,bad,100
IMG_1296_nut_25_1770185227989_1723.webp,bad,100
IMG_1296_nut_26_1770185245386_1772.webp,bad,80
IMG_1296_nut_27_1770185245052_1771.webp,bad,100
IMG_1296_nut_29_1770185227649_1722.webp,bad,100
IMG_1296_nut_31_1770185190862_1618.webp,bad,100
IMG_1296_nut_32_1770185226968_1720.webp,bad,100
IMG_1296_nut_33_1770185190536_1617.webp,bad,80
IMG_1296_nut_35_1770185226645_1719.webp,bad,100
IMG_1296_nut_36_1770185190189_1616.webp,bad,100
IMG_1296_nut_37_1770185207255_1664.webp,bad,100
IMG_1296_nut_39_1770185189466_1614.webp,bad,80
IMG_1296_nut_40_1770185226322_1718.webp,bad,100
IMG_1296_nut_41_1770185225965_1717.webp,bad,100
IMG_1296_nut_44_1770185244570_1770.webp,bad,100
IMG_1296_nut_45_1770185224964_1714.webp,bad,100
IMG_1296_nut_50_1770185243868_1768.webp,bad,60
IMG_1296_nut_54_1770185224293_1712.webp,bad,100
IMG_1296_nut_56_1770185243059_1766.webp,bad,100
IMG_1296_nut_61_1770185206183_1661.webp,bad,100
IMG_1296_nut_65_1770185241650_1762.webp,bad,100
IMG_1296_nut_72_1770185240362_1758.webp,bad,100
IMG_1296_nut_79_1770185204341_1656.webp,bad,100
IMG_1296_nut_81_1770185239406_1755.webp,bad,100
IMG_1296_nut_85_1770185239070_1754.webp,bad,100
IMG_1296_nut_87_1770185203666_1654.webp,bad,100
IMG_1296_nut_94_1770185238058_1751.webp,bad,100
IMG_1296_nut_96_1770185185965_1604.webp,bad,100
IMG_1296_nut_97_1770185220966_1702.webp,bad,100
IMG_1297_nut_02_1770186093669_3800.webp,bad,100
IMG_1297_nut_09_1770186093122_3799.webp,bad,100
IMG_1297_nut_100_1770186060839_3736.webp,bad,100
IMG_1297_nut_102_1770186060496_3735.webp,bad,80
IMG_1297_nut_103_1770186022834_3637.webp,bad,100
IMG_1297_nut_104_1770186042427_3683.webp,bad,100
IMG_1297_nut_106_1770186060120_3734.webp,bad,100
IMG_1297_nut_107_1770186059807_3733.webp,bad,100
IMG_1297_nut_109_1770186059207_3731.webp,bad,100
IMG_1297_nut_110_1770186022504_3636.webp,bad,80
IMG_1297_nut_111_1770186058856_3730.webp,bad,100
IMG_1297_nut_112_1770186022136_3635.webp,bad,100
IMG_1297_nut_114_1770186021782_3634.webp,bad,100
IMG_1297_nut_115_1770186041565_3681.webp,bad,100
IMG_1297_nut_117_1770186041183_3680.webp,bad,100
IMG_1297_nut_118_1770186021066_3632.webp,bad,100
IMG_1297_nut_119_1770186040807_3679.webp,bad,100
IMG_1297_nut_11_1770186050475_3706.webp,bad,70
IMG_1297_nut_120_1770186079312_3772.webp,bad,100
IMG_1297_nut_122_1770186057916_3727.webp,bad,100
IMG_1297_nut_125_1770186056936_3724.webp,bad,100
IMG_1297_nut_126_1770186013917_3613.webp,bad,100
IMG_1297_nut_127_1770186040458_3678.webp,bad,100
IMG_1297_nut_129_1770186056515_3723.webp,bad,60
IMG_1297_nut_12_1770186050104_3705.webp,bad,100
IMG_1297_nut_130_1770186020364_3630.webp,bad,100
IMG_1297_nut_131_1770186040095_3677.webp,bad,100
IMG_1297_nut_132_1770186056199_3722.webp,bad,100
IMG_1297_nut_133_1770186039724_3676.webp,bad,100
IMG_1297_nut_134_1770186039339_3675.webp,bad,100
IMG_1297_nut_135_1770186038971_3674.webp,bad,100
IMG_1297_nut_136_1770186038633_3673.webp,bad,100
IMG_1297_nut_137_1770186038250_3672.webp,bad,100
IMG_1297_nut_138_1770186019971_3629.webp,bad,100
IMG_1297_nut_139_1770186013530_3612.webp,bad,100
IMG_1297_nut_140_1770186019575_3628.webp,bad,100
IMG_1297_nut_142_1770186037417_3670.webp,bad,100
IMG_1297_nut_143_1770186078713_3771.webp,bad,100
IMG_1297_nut_144_1770186019236_3627.webp,bad,100
IMG_1297_nut_146_1770186078273_3770.webp,bad,100
IMG_1297_nut_147_1770186077788_3769.webp,bad,100
IMG_1297_nut_148_1770186018862_3626.webp,bad,100
IMG_1297_nut_149_1770186036697_3668.webp,bad,100
IMG_1297_nut_150_1770186055850_3721.webp,bad,100
IMG_1297_nut_152_1770186076904_3767.webp,bad,100
IMG_1297_nut_153_1770186018434_3625.webp,bad,100
IMG_1297_nut_154_1770186055503_3720.webp,bad,70
IMG_1297_nut_155_1770186036121_3667.webp,bad,100
IMG_1297_nut_156_1770186055107_3719.webp,bad,100
IMG_1297_nut_157_1770186035679_3666.webp,bad,100
IMG_1297_nut_158_1770186074928_3766.webp,bad,100
IMG_1297_nut_160_1770186073862_3765.webp,bad,100
IMG_1297_nut_162_1770186035244_3665.webp,bad,100
IMG_1297_nut_163_1770186017649_3623.webp,bad,100
IMG_1297_nut_164_1770186034809_3664.webp,bad,100
IMG_1297_nut_165_1770186017291_3622.webp,bad,100
IMG_1297_nut_166_1770186034346_3663.webp,bad,100
IMG_1297_nut_167_1770186033869_3662.webp,bad,100
IMG_1297_nut_168_1770186073274_3764.webp,bad,100
IMG_1297_nut_169_1770186054249_3717.webp,bad,100
IMG_1297_nut_176_1770186071441_3761.webp,bad,100
IMG_1297_nut_177_1770186033115_3660.webp,bad,100
IMG_1297_nut_178_1770186053879_3716.webp,bad,80
IMG_1297_nut_17_1770186031157_3655.webp,bad,100
IMG_1297_nut_180_1770186070903_3760.webp,bad,100
IMG_1297_nut_181_1770186053150_3714.webp,bad,100
IMG_1297_nut_182_1770186013172_3611.webp,bad,100
IMG_1297_nut_186_1770186052479_3712.webp,bad,100
IMG_1297_nut_187_1770186052118_3711.webp,bad,100
IMG_1297_nut_188_1770186032657_3659.webp,bad,100
IMG_1297_nut_189_1770186015298_3617.webp,bad,100
IMG_1297_nut_20_1770186091622_3796.webp,bad,100
IMG_1297_nut_21_1770186067039_3754.webp,bad,100
IMG_1297_nut_22_1770186030549_3654.webp,bad,100
IMG_1297_nut_30_1770186066577_3753.webp,bad,100
IMG_1297_nut_31_1770186029774_3652.webp,bad,100
IMG_1297_nut_34_1770186048465_3700.webp,bad,100
IMG_1297_nut_37_1770186065215_3749.webp,bad,100
IMG_1297_nut_40_1770186088987_3791.webp,bad,100
IMG_1297_nut_41_1770186029271_3651.webp,bad,100
IMG_1297_nut_42_1770186088437_3790.webp,bad,100
IMG_1297_nut_44_1770186064862_3748.webp,bad,100
IMG_1297_nut_46_1770186047797_3698.webp,bad,100
IMG_1297_nut_48_1770186027776_3648.webp,bad,80
IMG_1297_nut_49_1770186087419_3788.webp,bad,100
IMG_1297_nut_50_1770186047387_3697.webp,bad,100
IMG_1297_nut_51_1770186086889_3787.webp,bad,100
IMG_1297_nut_52_1770186086391_3786.webp,bad,100
IMG_1297_nut_53_1770186085812_3785.webp,bad,100
IMG_1297_nut_54_1770186014265_3614.webp,bad,100
IMG_1297_nut_55_1770186064497_3747.webp,bad,100
IMG_1297_nut_56_1770186047027_3696.webp,bad,100
IMG_1297_nut_57_1770186085335_3784.webp,bad,100
IMG_1297_nut_58_1770186084842_3783.webp,bad,100
IMG_1297_nut_61_1770186046666_3695.webp,bad,100
IMG_1297_nut_62_1770186046314_3694.webp,bad,100
IMG_1297_nut_63_1770186083913_3781.webp,bad,100
IMG_1297_nut_64_1770186063806_3745.webp,bad,100
IMG_1297_nut_65_1770186063476_3744.webp,bad,100
IMG_1297_nut_67_1770186026427_3646.webp,bad,100
IMG_1297_nut_69_1770186082895_3779.webp,bad,100
IMG_1297_nut_70_1770186063132_3743.webp,bad,100
IMG_1297_nut_71_1770186062777_3742.webp,bad,100
IMG_1297_nut_72_1770186082436_3778.webp,bad,100
IMG_1297_nut_74_1770186026099_3645.webp,bad,100
IMG_1297_nut_75_1770186025751_3644.webp,bad,100
IMG_1297_nut_76_1770186045621_3692.webp,bad,100
IMG_1297_nut_77_1770186025380_3643.webp,bad,100
IMG_1297_nut_78_1770186062462_3741.webp,bad,100
IMG_1297_nut_79_1770186081909_3777.webp,bad,100
IMG_1297_nut_80_1770186024959_3642.webp,bad,100
IMG_1297_nut_81_1770186062134_3740.webp,bad,100
IMG_1297_nut_84_1770186024428_3641.webp,bad,90
IMG_1297_nut_85_1770186044948_3690.webp,bad,60
IMG_1297_nut_86_1770186081374_3776.webp,bad,100
IMG_1297_nut_87_1770186044586_3689.webp,bad,80
IMG_1297_nut_89_1770186044236_3688.webp,bad,100
IMG_1297_nut_90_1770186061511_3738.webp,bad,100
IMG_1297_nut_91_1770186024007_3640.webp,bad,100
IMG_1297_nut_92_1770186043811_3687.webp,bad,100
IMG_1297_nut_93_1770186043471_3686.webp,bad,100
IMG_1297_nut_95_1770186080413_3774.webp,bad,100
IMG_1297_nut_99_1770186023204_3638.webp,bad,100
IMG_1298_nut_02_1770185071766_1293.webp,bad,80
IMG_1298_nut_03_1770185087732_1339.webp,bad,100
IMG_1298_nut_07_1770185071318_1292.webp,bad,100
IMG_1298_nut_09_1770185080101_1317.webp,bad,90
IMG_1298_nut_100_1770185048509_1228.webp,bad,100
IMG_1298_nut_101_1770185042104_1210.webp,bad,100
IMG_1298_nut_102_1770185041768_1209.webp,bad,100
IMG_1298_nut_103_1770185048185_1227.webp,bad,100
IMG_1298_nut_104_1770185056469_1250.webp,bad,100
IMG_1298_nut_105_1770185062301_1267.webp,bad,100
IMG_1298_nut_106_1770185047816_1226.webp,bad,100
IMG_1298_nut_107_1770185056100_1249.webp,bad,100
IMG_1298_nut_108_1770185041379_1208.webp,bad,100
IMG_1298_nut_109_1770185047431_1225.webp,bad,100
IMG_1298_nut_110_1770185061938_1266.webp,bad,100
IMG_1298_nut_111_1770185061621_1265.webp,bad,100
IMG_1298_nut_112_1770185061299_1264.webp,bad,100
IMG_1298_nut_113_1770185055746_1248.webp,bad,100
IMG_1298_nut_115_1770185040994_1207.webp,bad,100
IMG_1298_nut_117_1770185054723_1245.webp,bad,100
IMG_1298_nut_120_1770185040273_1205.webp,bad,100
IMG_1298_nut_122_1770185046773_1223.webp,bad,90
IMG_1298_nut_123_1770185039568_1203.webp,bad,100
IMG_1298_nut_124_1770185039130_1202.webp,bad,100
IMG_1298_nut_126_1770185054045_1243.webp,bad,100
IMG_1298_nut_127_1770185060937_1263.webp,bad,100
IMG_1298_nut_128_1770185053583_1242.webp,bad,100
IMG_1298_nut_129_1770185038742_1201.webp,bad,100
IMG_1298_nut_12_1770185079767_1316.webp,bad,100
IMG_1298_nut_130_1770185046412_1222.webp,bad,100
IMG_1298_nut_131_1770185038269_1200.webp,bad,100
IMG_1298_nut_132_1770185037907_1199.webp,bad,100
IMG_1298_nut_135_1770185052725_1240.webp,bad,100
IMG_1298_nut_136_1770185060585_1262.webp,bad,100
IMG_1298_nut_137_1770185052367_1239.webp,bad,90
IMG_1298_nut_138_1770185045700_1220.webp,bad,100
IMG_1298_nut_140_1770185060266_1261.webp,bad,80
IMG_1298_nut_141_1770185059954_1260.webp,bad,100
IMG_1298_nut_143_1770185045003_1218.webp,bad,100
IMG_1298_nut_144_1770185059646_1259.webp,bad,100
IMG_1298_nut_145_1770185059266_1258.webp,bad,100
IMG_1298_nut_146_1770185037204_1197.webp,bad,90
IMG_1298_nut_147_1770185051977_1238.webp,bad,100
IMG_1298_nut_148_1770185036826_1196.webp,bad,100
IMG_1298_nut_150_1770185036462_1195.webp,bad,100
IMG_1298_nut_151_1770185044644_1217.webp,bad,100
IMG_1298_nut_152_1770185036082_1194.webp,bad,100
IMG_1298_nut_153_1770185044233_1216.webp,bad,100
IMG_1298_nut_154_1770185058929_1257.webp,bad,100
IMG_1298_nut_155_1770185051266_1236.webp,bad,100
IMG_1298_nut_156_1770185058593_1256.webp,bad,100
IMG_1298_nut_157_1770185035761_1193.webp,bad,100
IMG_1298_nut_159_1770185035280_1192.webp,bad,100
IMG_1298_nut_15_1770185079441_1315.webp,bad,100
IMG_1298_nut_160_1770185058226_1255.webp,bad,100
IMG_1298_nut_162_1770185050536_1234.webp,bad,100
IMG_1298_nut_163_1770185057523_1253.webp,bad,100
IMG_1298_nut_165_1770185034945_1191.webp,bad,80
IMG_1298_nut_166_1770185057200_1252.webp,bad,100
IMG_1298_nut_167_1770185034604_1190.webp,bad,100
IMG_1298_nut_170_1770185049916_1232.webp,bad,100
IMG_1298_nut_171_1770185049533_1231.webp,bad,100
IMG_1298_nut_17_1770185069994_1288.webp,bad,60
IMG_1298_nut_18_1770185069629_1287.webp,bad,100
IMG_1298_nut_20_1770185078782_1313.webp,bad,100
IMG_1298_nut_21_1770185069283_1286.webp,bad,100
IMG_1298_nut_22_1770185087111_1337.webp,bad,100
IMG_1298_nut_24_1770185086797_1336.webp,bad,100
IMG_1298_nut_25_1770185078454_1312.webp,bad,80
IMG_1298_nut_27_1770185078068_1311.webp,bad,100
IMG_1298_nut_29_1770185086448_1335.webp,bad,100
IMG_1298_nut_30_1770185086122_1334.webp,bad,100
IMG_1298_nut_32_1770185077665_1310.webp,bad,100
IMG_1298_nut_37_1770185085443_1332.webp,bad,100
IMG_1298_nut_41_1770185093181_1354.webp,bad,100
IMG_1298_nut_45_1770185084372_1329.webp,bad,100
IMG_1298_nut_46_1770185083969_1328.webp,bad,100
IMG_1298_nut_47_1770185083619_1327.webp,bad,100
IMG_1298_nut_48_1770185075856_1305.webp,bad,100
IMG_1298_nut_49_1770185067915_1282.webp,bad,70
IMG_1298_nut_50_1770185083294_1326.webp,bad,100
IMG_1298_nut_54_1770185075197_1303.webp,bad,100
IMG_1298_nut_57_1770185092163_1351.webp,bad,100
IMG_1298_nut_58_1770185067084_1280.webp,bad,100
IMG_1298_nut_59_1770185074874_1302.webp,bad,100
IMG_1298_nut_61_1770185074527_1301.webp,bad,100
IMG_1298_nut_62_1770185091493_1349.webp,bad,100
IMG_1298_nut_65_1770185082278_1323.webp,bad,100
IMG_1298_nut_66_1770185066751_1279.webp,bad,100
IMG_1298_nut_68_1770185091094_1348.webp,bad,100
IMG_1298_nut_69_1770185090728_1347.webp,bad,100
IMG_1298_nut_70_1770185073491_1298.webp,bad,100
IMG_1298_nut_71_1770185073141_1297.webp,bad,100
IMG_1298_nut_72_1770185066087_1277.webp,bad,100
IMG_1298_nut_74_1770185072822_1296.webp,bad,100
IMG_1298_nut_75_1770185090377_1346.webp,bad,100
IMG_1298_nut_76_1770185089947_1345.webp,bad,100
IMG_1298_nut_77_1770185072438_1295.webp,bad,100
IMG_1298_nut_78_1770185089582_1344.webp,bad,100
IMG_1298_nut_79_1770185081483_1321.webp,bad,100
IMG_1298_nut_80_1770185081093_1320.webp,bad,100
IMG_1298_nut_81_1770185065701_1276.webp,bad,100
IMG_1298_nut_82_1770185065371_1275.webp,bad,100
IMG_1298_nut_84_1770185088751_1342.webp,bad,100
IMG_1298_nut_86_1770185065041_1274.webp,bad,100
IMG_1298_nut_87_1770185049159_1230.webp,bad,100
IMG_1298_nut_89_1770185064640_1273.webp,bad,100
IMG_1298_nut_90_1770185043495_1214.webp,bad,100
IMG_1298_nut_91_1770185043125_1213.webp,bad,100
IMG_1298_nut_92_1770185064220_1272.webp,bad,100
IMG_1298_nut_94_1770185042721_1212.webp,bad,100
IMG_1298_nut_96_1770185063408_1270.webp,bad,100
IMG_1298_nut_97_1770185063060_1269.webp,bad,100
IMG_1298_nut_98_1770185062663_1268.webp,bad,100
IMG_1298_nut_99_1770185056836_1251.webp,bad,100
IMG_1299_nut_01_1770185680995_2882.webp,bad,100
IMG_1299_nut_06_1770185667030_2843.webp,bad,80
IMG_1299_nut_07_1770185680308_2880.webp,bad,100
IMG_1299_nut_09_1770185679986_2879.webp,bad,90
IMG_1299_nut_100_1770185656120_2812.webp,bad,100
IMG_1299_nut_101_1770185655600_2811.webp,bad,80
IMG_1299_nut_102_1770185655248_2810.webp,bad,100
IMG_1299_nut_104_1770185642139_2776.webp,bad,100
IMG_1299_nut_105_1770185622909_2729.webp,bad,100
IMG_1299_nut_107_1770185654866_2809.webp,bad,100
IMG_1299_nut_110_1770185653784_2806.webp,bad,80
IMG_1299_nut_111_1770185622193_2727.webp,bad,100
IMG_1299_nut_112_1770185633167_2754.webp,bad,90
IMG_1299_nut_115_1770185632393_2752.webp,bad,100
IMG_1299_nut_116_1770185621793_2726.webp,bad,100
IMG_1299_nut_117_1770185621388_2725.webp,bad,100
IMG_1299_nut_118_1770185641717_2775.webp,bad,100
IMG_1299_nut_119_1770185641297_2774.webp,bad,90
IMG_1299_nut_11_1770185679658_2878.webp,bad,100
IMG_1299_nut_120_1770185652896_2804.webp,bad,100
IMG_1299_nut_121_1770185620949_2724.webp,bad,100
IMG_1299_nut_122_1770185620500_2723.webp,bad,100
IMG_1299_nut_123_1770185652457_2803.webp,bad,100
IMG_1299_nut_124_1770185652045_2802.webp,bad,100
IMG_1299_nut_126_1770185620048_2722.webp,bad,100
IMG_1299_nut_127_1770185619593_2721.webp,bad,100
IMG_1299_nut_128_1770185631988_2751.webp,bad,100
IMG_1299_nut_129_1770185631587_2750.webp,bad,100
IMG_1299_nut_12_1770185679303_2877.webp,bad,100
IMG_1299_nut_131_1770185618628_2719.webp,bad,100
IMG_1299_nut_135_1770185618245_2718.webp,bad,100
IMG_1299_nut_139_1770185617296_2716.webp,bad,100
IMG_1299_nut_140_1770185616934_2715.webp,bad,100
IMG_1299_nut_142_1770185640096_2771.webp,bad,100
IMG_1299_nut_143_1770185650993_2799.webp,bad,100
IMG_1299_nut_146_1770185630435_2747.webp,bad,100
IMG_1299_nut_148_1770185629837_2746.webp,bad,100
IMG_1299_nut_149_1770185615408_2711.webp,bad,100
IMG_1299_nut_151_1770185629407_2745.webp,bad,100
IMG_1299_nut_152_1770185649870_2796.webp,bad,100
IMG_1299_nut_153_1770185649490_2795.webp,bad,100
IMG_1299_nut_154_1770185649100_2794.webp,bad,100
IMG_1299_nut_155_1770185648707_2793.webp,bad,100
IMG_1299_nut_159_1770185648219_2792.webp,bad,90
IMG_1299_nut_160_1770185647784_2791.webp,bad,100
IMG_1299_nut_161_1770185628637_2743.webp,bad,100
IMG_1299_nut_162_1770185647454_2790.webp,bad,90
IMG_1299_nut_163_1770185614712_2709.webp,bad,100
IMG_1299_nut_165_1770185614025_2707.webp,bad,100
IMG_1299_nut_166_1770185647046_2789.webp,bad,100
IMG_1299_nut_167_1770185613625_2706.webp,bad,100
IMG_1299_nut_168_1770185628205_2742.webp,bad,100
IMG_1299_nut_169_1770185627797_2741.webp,bad,100
IMG_1299_nut_16_1770185672845_2859.webp,bad,100
IMG_1299_nut_170_1770185627393_2740.webp,bad,100
IMG_1299_nut_171_1770185613126_2705.webp,bad,100
IMG_1299_nut_172_1770185627015_2739.webp,bad,100
IMG_1299_nut_174_1770185646664_2788.webp,bad,100
IMG_1299_nut_175_1770185612789_2704.webp,bad,90
IMG_1299_nut_176_1770185646260_2787.webp,bad,100
IMG_1299_nut_178_1770185639160_2769.webp,bad,100
IMG_1299_nut_179_1770185626176_2737.webp,bad,100
IMG_1299_nut_181_1770185625246_2735.webp,bad,80
IMG_1299_nut_183_1770185638400_2767.webp,bad,70
IMG_1299_nut_185_1770185612413_2703.webp,bad,100
IMG_1299_nut_186_1770185624773_2734.webp,bad,75
IMG_1299_nut_187_1770185637373_2765.webp,bad,100
IMG_1299_nut_188_1770185636833_2764.webp,bad,100
IMG_1299_nut_189_1770185609075_2694.webp,bad,100
IMG_1299_nut_192_1770185612071_2702.webp,bad,100
IMG_1299_nut_195_1770185624048_2732.webp,bad,100
IMG_1299_nut_196_1770185611730_2701.webp,bad,100
IMG_1299_nut_197_1770185645587_2785.webp,bad,100
IMG_1299_nut_199_1770185635618_2761.webp,bad,100
IMG_1299_nut_202_1770185635293_2760.webp,bad,100
IMG_1299_nut_203_1770185610287_2697.webp,bad,100
IMG_1299_nut_206_1770185609799_2696.webp,bad,100
IMG_1299_nut_207_1770185644924_2783.webp,bad,90
IMG_1299_nut_208_1770185634963_2759.webp,bad,100
IMG_1299_nut_209_1770185623292_2730.webp,bad,100
IMG_1299_nut_20_1770185672450_2858.webp,bad,100
IMG_1299_nut_210_1770185634617_2758.webp,bad,90
IMG_1299_nut_21_1770185678611_2875.webp,bad,100
IMG_1299_nut_23_1770185678282_2874.webp,bad,70
IMG_1299_nut_26_1770185664285_2835.webp,bad,100
IMG_1299_nut_27_1770185657526_2816.webp,bad,100
IMG_1299_nut_28_1770185677917_2873.webp,bad,70
IMG_1299_nut_29_1770185687488_2900.webp,bad,100
IMG_1299_nut_30_1770185677489_2872.webp,bad,100
IMG_1299_nut_31_1770185671760_2856.webp,bad,100
IMG_1299_nut_32_1770185687121_2899.webp,bad,100
IMG_1299_nut_35_1770185685973_2896.webp,bad,100
IMG_1299_nut_37_1770185671426_2855.webp,bad,100
IMG_1299_nut_40_1770185663225_2832.webp,bad,100
IMG_1299_nut_41_1770185670689_2853.webp,bad,100
IMG_1299_nut_42_1770185677123_2871.webp,bad,100
IMG_1299_nut_43_1770185676784_2870.webp,bad,100
IMG_1299_nut_44_1770185685605_2895.webp,bad,100
IMG_1299_nut_51_1770185670319_2852.webp,bad,100
IMG_1299_nut_54_1770185662132_2829.webp,bad,80
IMG_1299_nut_55_1770185684178_2891.webp,bad,100
IMG_1299_nut_56_1770185669939_2851.webp,bad,100
IMG_1299_nut_57_1770185683846_2890.webp,bad,100
IMG_1299_nut_59_1770185661418_2827.webp,bad,90
IMG_1299_nut_60_1770185675194_2866.webp,bad,100
IMG_1299_nut_63_1770185661013_2826.webp,bad,100
IMG_1299_nut_72_1770185674162_2863.webp,bad,100
IMG_1299_nut_79_1770185682746_2887.webp,bad,100
IMG_1299_nut_82_1770185658902_2820.webp,bad,100
IMG_1299_nut_86_1770185682008_2885.webp,bad,100
IMG_1299_nut_90_1770185644545_2782.webp,bad,100
IMG_1299_nut_93_1770185644134_2781.webp,bad,100
IMG_1299_nut_94_1770185643708_2780.webp,bad,100
IMG_1299_nut_95_1770185643360_2779.webp,bad,100
IMG_1299_nut_97_1770185642911_2778.webp,bad,100